,Name,Email,Address,Postal Code,Product Ordered,Order ID,Order Date,Units Ordered,Fulfillment Days,Delivery Delay Days,Return Status,is_missing_Order ID,Bulk Order Flag,is_missing_Fulfillment Days,is_missing_Delivery Delay Days
0,Michele Anderson,romerobrandon@example.net,"677 Jimmy Summit Apt. 563
Ericville, VT 38378",54104,Gilbert LLC Scarf,ORD-765,2025-04-30,4,16.0,-5.0,1,0,False,0,0
1,Jacqueline Diaz,melindapatel@example.com,"19381 Lutz Garden Apt. 191
North Christianport, NV 43626",82052,"Smith, Liu and Richardson Casual Dress",ORD-610,2025-03-21,4,18.0,1.0,1,0,False,0,0
2,Tamara Ryan,kcastaneda@example.com,"43379 Brock Spur
Owensshire, MO 61313",63260,Blake Ltd Belt,ORD-663,2025-03-29,1,23.0,1.0,0,0,False,0,0
3,Jerry Mcdonald Phd,kathryncantrell@example.net,"0909 Pamela Shore Suite 984
Karenmouth, OH 22162",36869,"Andrade, Wilson and Robinson Shorts",ORD-660,2025-05-03,2,25.0,0.0,1,0,False,0,0
4,Nathan Gibson Md,holtzachary@example.org,"53054 Russell Gateway
Browntown, DE 51446",26723,"Ballard, Hartman and Henderson Casual Dress",ORD-308,2025-02-15,4,1.0,6.0,0,0,False,0,0
5,Gary Rogers,idavis@example.com,"296 Wendy Summit Apt. 894
New Kendra, LA 25472",62421,James-Sullivan Romper,ORD-758,2025-04-27,1,10.0,1.0,1,0,False,0,0
6,Cynthia Stark,jeffrey53@example.com,"6895 Tyrone Skyway
Scottchester, TN 85156",68718,"Smith, Liu and Richardson Casual Dress",ORD-782,2025-04-12,4,25.0,-1.0,0,0,False,0,0
7,Christine Moore,williamanderson@example.org,"94965 Warner Creek
Donnashire, PW 71785",80499,"Ballard, Hartman and Henderson Casual Dress",ORD-129,2025-02-23,1,13.0,-3.0,1,0,False,0,0
8,Tara Berry,danielmueller@example.net,"PSC 0457, Box 4316
APO AE 98639",36830,Gilbert LLC Scarf,ORD-091,2025-04-08,2,30.0,-5.0,0,0,False,0,0
9,Anna Harrington,joshua95@example.org,"973 Vasquez Track
Lake Joseph, KY 94387",30624,Randall LLC T-Shirt,ORD-924,2025-05-01,1,7.0,-2.0,0,0,False,0,0
10,Andrew Hart,marcohartman@example.org,"67301 Walter Freeway Suite 705
Kristinastad, ND 33422",08947,"Cross, Williams and Stein Trousers",ORD-232,2025-03-03,1,19.0,-5.0,0,0,False,0,0
11,Ashley Jones,kristen14@example.com,"Unit 3916 Box 2487
DPO AP 43890",86424,"Gonzalez, Carpenter and Gomez Jeans",ORD-554,2025-05-06,1,4.0,-0.0,0,0,False,0,1
12,Henry Daniels,staffordjacob@example.com,"67637 Scott Summit Apt. 084
East Tonyland, UT 19041",65993,"Robertson, Allen and Foster Sandals",ORD-130,2025-02-25,1,30.0,0.0,1,0,False,0,0
13,Kimberly Murray Phd,ashley69@example.net,"USCGC Clark
FPO AP 99777",13165,Randall LLC T-Shirt,ORD-099,2025-02-24,4,13.0,8.0,1,0,False,0,0
14,Donna Peterson,bjones@example.net,"7402 Mario Parkway Suite 650
Katieshire, AS 10075",53562,"Daugherty, Conner and Estrada Sandals",ORD-181,2025-03-27,1,25.0,0.0,1,0,False,0,0
15,Caleb Turner,leahtorres@example.org,"1854 Samuel Loaf Apt. 503
New Victoriachester, WY 01189",62789,"Gonzalez, Carpenter and Gomez Jeans",ORD-975,2025-05-12,2,11.0,-5.0,0,0,False,0,0
16,Adam Harmon,jmiranda@example.net,"293 Kristina Plains
West Matthew, OR 62104",06677,"Andrade, Wilson and Robinson Shorts",ORD-893,2025-01-21,2,21.0,0.0,1,0,False,0,0
17,Trevor Smith,richard11@example.net,"438 Kaufman Corners
Nealburgh, WV 26095",60122,"Daugherty, Conner and Estrada Sandals",ORD-779,2025-02-06,2,15.0,-5.0,1,0,False,0,0
18,Frank Walls,katiesmith@example.net,"USCGC Miller
FPO AA 26236",67981,Thompson and Sons Belt,None,2025-02-12,1,9.0,1.0,1,1,False,0,0
19,Natasha Anderson,anthony38@example.net,"25027 Flores Parkways Apt. 419
Port Michaelfurt, MT 29580",26042,Ortega-Gardner Sneakers,ORD-155,2025-01-23,4,6.0,0.0,0,0,False,0,0
20,Haley Hamilton,henrylydia@example.org,"787 Jackson Ville Suite 149
Laramouth, ID 90871",29925,Blake Ltd Belt,ORD-155,2025-02-28,3,30.0,1.0,0,0,False,0,0
21,Nicole Rivera,melaniechan@example.com,"7713 Baker Square
Lake Andrew, CT 42511",53971,"Liu, Jones and Thompson Casual Dress",ORD-342,2025-01-29,1,7.0,-1.0,1,0,False,0,0
22,Christina Cook Md,lindsay82@example.com,"1672 Wood Crest
Melissahaven, NM 04606",17426,"Robertson, Allen and Foster Sandals",ORD-253,2025-02-03,2,13.0,2.0,1,0,False,0,0
23,Kimberly Smith,nchavez@example.com,"367 Moody Walks Apt. 063
New Angelica, WY 35200",70674,"Ballard, Hartman and Henderson Casual Dress",ORD-160,2025-01-28,4,24.0,0.0,1,0,False,0,0
24,Elizabeth Reeves,philip99@example.org,"3706 Ruiz Run
Jameschester, AL 30701",21774,Hawkins-Howell Flats,ORD-878,2025-03-02,4,4.0,-2.0,0,0,False,0,0
25,Taylor Green,lhughes@example.net,"97660 Tracy Shoal
West Samantha, RI 45834",99769,Hawkins-Howell Flats,ORD-523,2025-01-01,2,11.0,-6.0,0,0,False,0,0
26,Samantha Cruz,torresamy@example.org,"32615 Coleman Mall
New Jamiemouth, FM 02246",94803,"Ballard, Hartman and Henderson Casual Dress",ORD-725,2025-04-12,3,7.0,0.0,0,0,False,0,0
27,Don Chang,holly49@example.net,"839 Mcdonald Trail Suite 746
Port Lindamouth, NJ 70032",67277,Hawkins-Howell Flats,ORD-346,2025-01-29,4,9.0,7.0,0,0,False,0,0
28,Kaitlyn Garrett,anna86@example.net,"PSC 7169, Box 8372
APO AE 11987",90239,"Daugherty, Conner and Estrada Sandals",ORD-270,2025-04-19,5,11.0,-3.0,0,0,False,0,0
29,Randy Ibarra,tgutierrez@example.org,"08171 Gibson Shore Suite 390
Maddoxstad, NY 56156",16303,White and Sons Jacket,ORD-589,2025-01-07,5,14.0,-1.0,1,0,False,1,0
30,Mrs. Tonya Nelson,hruiz@example.com,"599 Fowler Villages
West Zacharyview, AZ 30865",52579,Randall LLC T-Shirt,ORD-927,2025-02-14,4,5.0,1.0,1,0,False,0,0
31,David Thornton,angela78@example.net,"5395 Baker Knolls
Stevenmouth, VA 31352",94709,Gilbert LLC Scarf,ORD-597,2025-02-21,2,14.0,-1.0,1,0,False,0,0
32,Sarah Kelly,floydjimmy@example.net,"53551 Amy Crescent Apt. 165
Deanchester, MP 06078",30525,Gilbert LLC Scarf,ORD-443,2025-02-08,3,3.0,3.0,1,0,False,0,0
33,Norma Evans,hortonjamie@example.com,"2433 Brooks Groves Suite 888
West Shari, VT 37624",93399,"Smith, Liu and Richardson Casual Dress",ORD-369,2025-04-19,4,8.0,6.0,1,0,False,0,0
34,John Sullivan,emarquez@example.org,"627 Jill Mountain Apt. 659
South Ashley, AS 69952",11115,James-Sullivan Romper,ORD-721,2025-02-02,5,10.0,-3.0,0,0,False,0,0
35,Casey Gonzalez,stricklandmichael@example.org,"145 Murphy Turnpike
Schmidtmouth, NM 27444",09304,"Robertson, Allen and Foster Sandals",ORD-881,2025-05-06,3,4.0,-4.0,1,0,False,0,0
36,Mr. Shane Perez,fletcherdebra@example.org,"9587 Maldonado Shoal
Smithchester, AR 93849",26016,Hawkins-Howell Flats,ORD-708,2025-03-31,5,2.0,1.0,0,0,False,0,0
37,Erin Lutz,ashley91@example.org,"368 Hahn Manor
Valentinehaven, GU 51919",71823,"Robertson, Allen and Foster Sandals",ORD-099,2025-03-23,2,3.0,7.0,1,0,False,0,0
38,Monica Brooks,kayla07@example.org,"70046 Thomas Trafficway Apt. 737
South Kirkton, DE 17636",71790,Hawkins-Howell Flats,ORD-622,2025-05-01,5,21.0,7.0,1,0,False,0,0
39,Stephanie Smith,mackenziemiller@example.net,"4203 Laura Lake
Martinezmouth, MA 10555",94913,James-Sullivan Romper,ORD-918,2025-01-01,3,30.0,2.0,0,0,False,0,0
40,Dr. Douglas Perez,changanthony@example.com,"237 Alexis Neck Suite 370
Leport, FL 04640",59724,"Liu, Jones and Thompson Casual Dress",ORD-476,2025-01-19,1,1.0,0.0,1,0,False,0,0
41,Robert Nelson,navarroronald@example.com,"6408 Colin Meadow Suite 352
Davisland, SD 81882",65303,Gilbert LLC Scarf,ORD-049,2025-01-13,4,15.0,-3.0,1,0,False,0,0
42,April Meyer,pmorris@example.net,"USS Watson
FPO AA 27856",53477,White and Sons Jacket,ORD-025,2025-04-09,3,6.0,-1.0,1,0,False,0,0
43,Corey Hensley,darrenwalters@example.com,"23721 Lynch Inlet
South Jeffrey, IN 17356",16999,"Smith, Liu and Richardson Casual Dress",ORD-062,2025-02-09,5,25.0,4.0,0,0,False,0,0
44,Tabitha Lee,peggykeller@example.com,"2354 Robert Green
Evansborough, MA 30575",09989,"Liu, Jones and Thompson Casual Dress",ORD-686,2025-01-04,3,15.0,-1.0,0,0,False,0,0
45,Danielle Anderson,johnsonmark@example.net,"794 Jackson Course
Port Whitneybury, AR 26126",29838,James-Sullivan Romper,ORD-883,2025-01-05,4,24.0,3.0,1,0,False,0,0
46,James Farmer,wwilson@example.net,"46336 Joseph Station
Lake Kathleenberg, MS 25929",29738,Blake Ltd Belt,ORD-833,2025-05-10,1,20.0,-6.0,0,0,False,0,0
47,Justin Willis,parkjames@example.com,"862 Michelle Club
Andreamouth, UT 63064",69162,Rogers-Meyers Jumpsuit,ORD-968,2025-01-13,4,23.0,-1.0,1,0,False,0,0
48,Anthony Monroe,caseyowens@example.net,"52341 Oconnell Manor Apt. 422
Martinland, ME 08878",95828,Rogers-Meyers Jumpsuit,ORD-077,2025-03-08,4,11.0,-1.0,1,0,False,0,0
49,Kristin Allison,barnesvictor@example.org,"510 Hayes Vista Suite 815
South Richardhaven, MD 14906",38669,"Daugherty, Conner and Estrada Sandals",ORD-155,2025-04-06,2,16.0,0.0,1,0,False,0,0
50,Robert Mccarthy,ejoyce@example.com,"78622 Franklin Manors Suite 795
New Elijahmouth, WY 92490",56805,Ortega-Gardner Sneakers,ORD-764,2025-04-29,4,5.0,-3.0,1,0,False,0,0
51,Brandy Howard,dwalton@example.com,"654 Melton Lock Apt. 895
Greerberg, NC 55511",27896,Thompson and Sons Belt,ORD-535,2025-04-06,5,25.0,-4.0,1,0,False,0,0
52,Curtis Ruiz,lisa53@example.com,"2681 Brian Passage
North Patricia, WI 99857",75126,"Daugherty, Conner and Estrada Sandals",ORD-734,2025-03-19,4,6.0,-1.0,0,0,False,0,0
53,Steve Bradley,jharper@example.net,"46465 Daniel Coves
Gilbertshire, SC 31136",23536,Gilbert LLC Scarf,ORD-335,2025-01-06,3,15.0,-8.0,0,0,False,0,0
54,Rebecca Gibson,melinda38@example.com,"9851 Patricia Roads Apt. 763
East Williamberg, OH 40133",03743,"Robertson, Allen and Foster Sandals",ORD-820,2025-04-04,4,20.0,6.0,1,0,False,0,0
55,Justin Brown,christina46@example.net,"2856 Ricky Ferry
Lake Williamton, OH 63034",21590,"Liu, Jones and Thompson Casual Dress",ORD-800,2025-01-23,4,4.0,-4.0,1,0,False,0,0
56,Marissa Hamilton,smacias@example.com,"9903 Russell Forks Apt. 933
Cisnerosberg, UT 40665",87172,"Gonzalez, Carpenter and Gomez Jeans",ORD-515,2025-05-06,4,24.0,1.0,0,0,False,0,0
57,Sophia Bryant,ricky54@example.net,"9666 Melissa Springs Suite 872
New Brian, MP 74466",01416,Rogers-Meyers Jumpsuit,ORD-231,2025-04-15,3,1.0,1.0,0,0,False,0,0
58,Jason Terrell,youngtimothy@example.net,"2132 Tyler Groves
Paulborough, PR 64149",95291,"Cross, Williams and Stein Trousers",ORD-813,2025-04-25,4,17.0,-1.0,1,0,False,0,0
59,James Faulkner,leblancmelissa@example.com,"83873 Brittany Locks Apt. 894
North Joshuamouth, WY 33376",07489,"Liu, Jones and Thompson Casual Dress",ORD-718,2025-03-04,5,9.0,0.0,1,0,False,0,0
60,Michael Nelson,cruzfrancisco@example.com,"9377 Victoria Ridges
Ballardfurt, ID 98144",48813,Randall LLC T-Shirt,ORD-464,2025-02-18,3,3.0,-2.0,1,0,False,0,0
61,Donald Medina,msmith@example.org,"089 William Underpass Suite 230
West Theresamouth, MA 21790",12611,Thompson and Sons Belt,ORD-363,2025-03-18,5,4.0,2.0,0,0,False,0,0
62,Lisa Richardson,danielschneider@example.com,"939 Knapp Village
Christopherborough, AZ 32822",03897,Randall LLC T-Shirt,ORD-119,2025-01-20,3,22.0,-7.0,0,0,False,0,0
63,William Ashley,sabrina74@example.net,"26998 Johnson Corners
Gloriaburgh, NM 60882",31794,Thompson and Sons Belt,ORD-402,2025-02-28,1,4.0,-3.0,1,0,False,0,0
64,Ronald Morgan,tanya83@example.net,"10777 Rodney Landing Apt. 593
Christopherburgh, NH 26845",77828,"Liu, Jones and Thompson Casual Dress",ORD-864,2025-05-12,3,25.0,1.0,0,0,False,0,0
65,Gerald Perry,zachary62@example.com,"75899 Dawson Flats
Woodsburgh, IA 44391",74441,James-Sullivan Romper,ORD-690,2025-02-23,3,9.0,2.0,0,0,False,0,0
66,Crystal Kirby,brandon81@example.com,"7313 Webb Roads Suite 935
North Maryport, AS 76207",02520,Gilbert LLC Scarf,ORD-633,2025-01-15,3,8.0,0.0,1,0,False,0,0
67,Terri Estrada,trevinoeric@example.com,"64411 Carol Mountains
Lozanohaven, MP 15502",70857,Ortega-Gardner Sneakers,ORD-810,2025-02-18,1,3.0,0.0,0,0,False,0,0
68,Alexis Jackson,allisonkaren@example.com,"438 Jesse Estates Suite 550
New Kenneth, IL 69619",98659,"Andrade, Wilson and Robinson Shorts",ORD-193,2025-04-13,2,11.0,-2.0,0,0,False,0,0
69,Kelli Morrow,afields@example.net,"Unit 4415 Box 7882
DPO AP 93260",34368,"Liu, Jones and Thompson Casual Dress",ORD-487,2025-02-20,2,10.0,-1.0,1,0,False,0,0
70,James Durham,yhale@example.com,"42466 Deborah Rest
Hubbardshire, IN 14855",67746,"Liu, Jones and Thompson Casual Dress",ORD-674,2025-02-26,3,14.0,1.0,1,0,False,0,0
71,Charles Gill,ashley24@example.com,"534 Wilkins Shores Apt. 046
South Jacob, NJ 99338",29975,Blake Ltd Belt,ORD-936,2025-02-07,2,16.0,2.0,0,0,False,0,0
72,Tyler Johnson,leeamber@example.com,"41519 Michael Crescent
West John, RI 13117",80930,Blake Ltd Belt,ORD-679,2025-04-28,3,4.0,5.0,1,0,False,0,0
73,Omar Lowe,mitchell58@example.com,"577 Hopkins Flat
Joshuaside, HI 67421",75791,White and Sons Jacket,ORD-284,2025-04-10,3,30.0,0.0,0,0,False,0,0
74,Tammy Pollard,blackbilly@example.org,"441 Hardy Cliffs Apt. 746
North Anneside, WV 73557",61202,Ortega-Gardner Sneakers,ORD-382,2025-04-14,4,5.0,-3.0,0,0,False,0,0
75,Terry Phillips,lindsey01@example.net,"82167 Barber Plains Suite 200
South Austin, MS 15013",99750,"Andrade, Wilson and Robinson Shorts",ORD-895,2025-04-11,5,19.0,5.0,0,0,False,0,0
76,Rachel Harding,zcrosby@example.com,"160 Griffin Point Suite 867
Jameschester, AS 29289",29746,Rogers-Meyers Jumpsuit,ORD-207,2025-04-22,2,14.0,-4.0,0,0,False,0,0
77,Natasha Villa,brianwalker@example.com,"44119 White Groves Apt. 453
North Kaylee, AK 31002",96272,"Ballard, Hartman and Henderson Casual Dress",ORD-416,2025-02-19,1,3.0,-2.0,0,0,False,0,0
78,Jorge Jones,erivers@example.net,"1153 Ethan Extension Apt. 374
Port Katie, AL 95900",35258,Randall LLC T-Shirt,ORD-532,2025-01-27,3,13.0,3.0,1,0,False,0,0
79,Jennifer Brewer,jamesfrancis@example.org,"7607 Brown Mews Apt. 184
Port Breanna, FM 87928",21172,White and Sons Jacket,ORD-589,2025-05-07,1,16.0,-1.0,1,0,False,0,0
80,Phillip Cunningham,uross@example.com,"PSC 6565, Box 0427
APO AP 16579",51747,"Gonzalez, Carpenter and Gomez Jeans",ORD-566,2025-02-14,5,14.0,0.0,1,0,False,1,0
81,Theodore Johnson Dds,mark53@example.com,"10238 Keith Parkway Apt. 713
Barretthaven, NE 79918",00527,Blake Ltd Belt,ORD-748,2025-01-09,3,24.0,1.0,1,0,False,0,0
82,James Duffy,elizabethhuynh@example.com,"290 Smith Haven
New Michael, NY 58664",42990,Gilbert LLC Scarf,ORD-834,2025-01-06,5,6.0,6.0,0,0,False,0,0
83,Joseph Moore,jimmy97@example.org,"54013 Bell Village
Lake Michelle, MS 15390",86563,Randall LLC T-Shirt,ORD-085,2025-04-08,2,25.0,-6.0,1,0,False,0,0
84,Ralph Adams,andersonbrian@example.org,"8075 Gary Loop Apt. 504
West Marie, VA 19717",20855,"Ballard, Hartman and Henderson Casual Dress",ORD-256,2025-01-06,4,15.0,0.0,1,0,False,0,0
85,Ryan Krueger,cruzmichael@example.com,"008 Haynes Port
South Kathrynchester, OR 70873",75504,"Ballard, Hartman and Henderson Casual Dress",ORD-703,2025-04-19,4,16.0,5.0,0,0,False,0,0
86,Leonard Miller,kenneth72@example.org,"602 Thomas Meadows Suite 335
New Alexandriafort, MT 92279",14843,James-Sullivan Romper,ORD-358,2025-04-16,2,11.0,-6.0,0,0,False,0,0
87,Aimee Moore,chelseaheath@example.net,"00813 Jones Gateway Apt. 398
East Michael, ND 75952",85087,Gilbert LLC Scarf,ORD-712,2025-02-18,2,23.0,4.0,0,0,False,0,0
88,Helen Allen,pmyers@example.net,"74929 Berg Parkway
Lake William, DE 50850",27528,"Robertson, Allen and Foster Sandals",ORD-569,2025-02-16,2,30.0,4.0,0,0,False,0,0
89,Kenneth Moore,daniel68@example.org,"240 Sean Point
West Caitlin, WV 38642",19758,"Robertson, Allen and Foster Sandals",ORD-175,2025-05-01,4,4.0,-1.0,1,0,False,0,0
90,Andrea Brady,sherry96@example.com,"0107 Gloria Squares Apt. 942
Lake Monica, GA 34157",44453,"Smith, Liu and Richardson Casual Dress",ORD-574,2025-03-02,3,14.0,9.0,0,0,False,0,0
91,Marcia Braun,ryanshaffer@example.com,"9299 Cynthia Grove Apt. 899
Meyerland, OH 47624",99343,Rogers-Meyers Jumpsuit,ORD-149,2025-02-01,5,23.0,-8.0,0,0,False,0,0
92,Debra Guerrero,sylviagibbs@example.org,"6676 Alice Stravenue Apt. 496
West Joe, AL 72649",39024,Gilbert LLC Scarf,ORD-405,2025-01-20,4,5.0,5.0,1,0,False,0,0
93,Daniel Cochran,angelaroberts@example.net,"1071 Mary Extensions
South Aaron, WV 54178",50556,Ortega-Gardner Sneakers,ORD-765,2025-04-23,4,15.0,1.0,1,0,False,0,0
94,Cathy Solomon,acaldwell@example.net,"501 Stephen Vista
Mitchellburgh, KS 66315",11696,"Ballard, Hartman and Henderson Casual Dress",ORD-893,2025-01-21,2,20.0,3.0,1,0,False,0,0
95,Krista Martinez,eclark@example.org,"4364 Holly Estates
New Rachelhaven, KY 94148",68647,Randall LLC T-Shirt,ORD-201,2025-04-27,5,9.0,0.0,0,0,False,0,0
96,Bryan Sanders,rebeccawatkins@example.com,"7858 Holmes Manors Suite 630
Port Davidport, MT 89889",97767,Rogers-Meyers Jumpsuit,ORD-478,2025-02-23,3,7.0,2.0,0,0,False,0,0
97,Michelle Sims,matamary@example.com,"460 Donald Station Suite 265
Brucemouth, ID 83648",62124,Randall LLC T-Shirt,ORD-643,2025-03-05,2,18.0,-1.0,1,0,False,0,0
98,Anna Whitaker,gwillis@example.org,"725 Weber Ways Suite 301
Erinburgh, WI 97511",79794,"Ballard, Hartman and Henderson Casual Dress",ORD-580,2025-02-12,4,19.0,-3.0,0,0,False,0,0
99,William Kelley,jonesalejandro@example.net,"85468 Fry Extensions
Franciscohaven, DC 37026",56390,James-Sullivan Romper,ORD-958,2025-02-19,2,3.0,-3.0,0,0,False,0,0
100,Stephanie Murray,cynthiasmith@example.net,"66987 Phillip Track Suite 310
Lake Ronaldstad, KY 36387",76971,Rogers-Meyers Jumpsuit,ORD-179,2025-01-09,5,12.0,1.0,0,0,False,0,0
101,Michael Cole,millsbrenda@example.org,"10850 Angela Mews
Lake Dianemouth, OR 44824",73073,Randall LLC T-Shirt,ORD-090,2025-04-17,5,25.0,-5.0,1,0,False,0,0
102,Jenna Chambers,cortezjonathan@example.net,"694 Ashley Forges Apt. 520
Josephview, NV 87312",80033,"Gonzalez, Carpenter and Gomez Jeans",ORD-075,2025-01-15,2,3.0,-3.0,1,0,False,0,0
103,Crystal Cline,davidcindy@example.net,"8757 Stacy Village
Moniqueville, RI 60865",38847,"Robertson, Allen and Foster Sandals",ORD-534,2025-01-16,4,22.0,-0.0,0,0,False,0,1
104,Samantha Gilmore,dianamay@example.net,"92642 Bennett Ports
New Tasha, AK 96609",33755,"Liu, Jones and Thompson Casual Dress",ORD-659,2025-03-26,3,12.0,-1.0,0,0,False,0,0
105,James Lee,timothy71@example.org,"575 Whitaker Groves Apt. 075
Lisatown, TN 64838",59546,"Smith, Liu and Richardson Casual Dress",ORD-409,2025-04-08,4,9.0,-5.0,1,0,False,0,0
106,Jessica Perez,zhernandez@example.com,"844 Sean Squares
West Tyler, NE 99431",85939,"Ballard, Hartman and Henderson Casual Dress",ORD-506,2025-01-04,4,10.0,-4.0,1,0,False,0,0
107,Michael Boone,hernandezbrenda@example.com,"32330 Cuevas Points Apt. 164
New Penny, ME 41174",22182,"Smith, Liu and Richardson Casual Dress",ORD-027,2025-01-01,3,21.0,1.0,1,0,False,0,0
108,Brenda Ramos,kelsey62@example.org,"96754 Hunt Hill Suite 834
Kylefort, NM 10725",81576,"Smith, Liu and Richardson Casual Dress",ORD-818,2025-01-14,1,15.0,1.0,0,0,False,0,0
109,Daniel Roberts,moorebrenda@example.org,"3809 Heather Ranch Suite 988
Franklinstad, WY 43772",44340,"Ballard, Hartman and Henderson Casual Dress",ORD-291,2025-01-12,2,4.0,-2.0,1,0,False,0,0
110,Jasmine Smith,jimmy45@example.net,"6947 Patterson Stream Suite 330
Hickshaven, WA 12700",06580,Blake Ltd Belt,ORD-381,2025-01-24,4,9.0,2.0,1,0,False,0,0
111,William Marsh,william01@example.com,"353 Ford Points Apt. 249
Tonyburgh, WA 54334",91803,"Daugherty, Conner and Estrada Sandals",ORD-123,2025-03-26,3,3.0,0.0,1,0,False,0,0
112,Kayla Richard,xprice@example.net,"89393 Lindsay Club Suite 348
South Samuelstad, MH 51265",36774,Randall LLC T-Shirt,ORD-462,2025-04-28,5,30.0,-2.0,0,0,False,0,0
113,Patricia Garza,jessica64@example.net,"221 Martin Wall
Port Donald, RI 77659",76422,Hawkins-Howell Flats,ORD-844,2025-04-05,2,12.0,-1.0,0,0,False,0,0
114,Cynthia Patel Dds,emilyallen@example.org,"194 Mcmahon Well
Jonesfurt, LA 16010",39439,Blake Ltd Belt,ORD-463,2025-02-02,3,18.0,3.0,0,0,False,0,0
115,Bob Meyer,lisahoover@example.org,"858 Snyder Garden
South Sara, VT 01850",38748,Rogers-Meyers Jumpsuit,ORD-266,2025-03-02,3,17.0,2.0,1,0,False,0,0
116,William Jones,robert88@example.com,"814 Rhonda Flats
South Ryan, WV 17163",91703,Hawkins-Howell Flats,ORD-852,2025-02-28,1,7.0,7.0,0,0,False,0,0
117,Jeremy Kramer,baileypaul@example.com,"48177 Mills Expressway Suite 271
West Deborah, FL 55339",27677,White and Sons Jacket,ORD-070,2025-01-03,2,25.0,-1.0,0,0,False,0,0
118,Jesse Smith,erichall@example.net,"164 Kelly Crescent
Matthewview, TX 13591",70737,Blake Ltd Belt,ORD-481,2025-05-09,4,14.0,4.0,1,0,False,0,0
119,Cynthia Guerrero,matthewjackson@example.org,"6748 May Ranch
Michaelshire, MD 55032",11241,Gilbert LLC Scarf,ORD-839,2025-01-29,1,25.0,-4.0,0,0,False,0,0
120,Amy Davis,vanessa69@example.net,"7121 Mckinney Roads Suite 391
Larsonport, NM 38819",96997,Thompson and Sons Belt,ORD-834,2025-01-30,2,5.0,-2.0,1,0,False,0,0
121,Nicholas Young,anna16@example.org,"0884 Richardson Cove Suite 764
Williamsstad, OR 64053",92288,Ortega-Gardner Sneakers,ORD-838,2025-05-11,4,3.0,-0.0,1,0,False,0,1
122,Richard Garcia,nvargas@example.com,"69873 Jeanette Circle Suite 081
Schneiderfort, IN 64893",18677,Rogers-Meyers Jumpsuit,ORD-746,2025-03-18,1,25.0,2.0,1,0,False,0,0
123,Natalie Ward,john63@example.org,"PSC 5688, Box 1499
APO AP 01804",40730,Thompson and Sons Belt,ORD-127,2025-02-09,2,12.0,3.0,1,0,False,0,0
124,Jenny Pineda,campbellcassandra@example.net,"191 Zachary Brooks Apt. 561
New Julie, CO 56803",77046,Randall LLC T-Shirt,ORD-201,2025-03-15,5,12.0,2.0,0,0,False,0,0
125,Christopher Armstrong,jessica71@example.net,"1740 Chris Dam Suite 528
Doyleburgh, MN 58811",70061,Ortega-Gardner Sneakers,ORD-232,2025-04-02,4,20.0,-2.0,1,0,False,0,0
126,Mia Scott,stewartsusan@example.net,"792 Alan Spur Suite 127
Lamport, TX 88744",33635,Blake Ltd Belt,ORD-021,2025-02-11,4,10.0,-6.0,1,0,False,0,0
127,Colin Scott,danielbarrett@example.com,"Unit 4478 Box 3724
DPO AE 99489",42970,"Gonzalez, Carpenter and Gomez Jeans",ORD-664,2025-02-06,2,2.0,4.0,1,0,False,0,0
128,Betty Butler,egarcia@example.org,"Unit 2692 Box 3990
DPO AE 16683",57197,"Andrade, Wilson and Robinson Shorts",ORD-316,2025-02-19,5,12.0,-1.0,0,0,False,0,0
129,Mary Nelson,michael96@example.org,"28210 Duran Estate Suite 536
East Kellyland, MP 77469",44904,"Gonzalez, Carpenter and Gomez Jeans",None,2025-02-25,1,15.0,1.0,1,1,False,0,0
130,Jason Sims Jr.,mitchellbrooke@example.com,"4065 Mario Ville
Riverabury, NH 99053",84604,"Robertson, Allen and Foster Sandals",ORD-384,2025-01-25,2,1.0,-3.0,1,0,False,0,0
131,Karen Patterson,richardsondavid@example.com,"4543 Robbins Mission Apt. 916
New Kevinmouth, NY 25981",97338,Rogers-Meyers Jumpsuit,ORD-784,2025-04-20,5,4.0,-3.0,0,0,False,0,0
132,Kristine Lee,jacksonalice@example.net,"1637 Ramos Burgs Apt. 822
North Isaac, RI 87410",46923,Thompson and Sons Belt,ORD-738,2025-02-27,2,21.0,-1.0,1,0,False,0,0
133,Tammy Robinson,holtfred@example.com,"USCGC Chavez
FPO AE 55525",18168,"Liu, Jones and Thompson Casual Dress",ORD-056,2025-03-19,2,14.0,0.0,1,0,False,0,0
134,Michael Knight Dds,eperez@example.net,"59956 Tammy Roads Suite 124
Lake Kristin, AL 41798",78840,"Robertson, Allen and Foster Sandals",ORD-543,2025-01-01,2,17.0,2.0,1,0,False,0,0
135,Jeffrey Harris,hurstderek@example.com,"78005 Thomas Parkway Apt. 164
East Julie, SC 91292",48427,Hawkins-Howell Flats,ORD-385,2025-03-25,3,19.0,1.0,1,0,False,0,0
136,Brenda Lopez,slane@example.com,"711 Kelly Views Suite 080
Paulville, VA 91575",19929,James-Sullivan Romper,ORD-564,2025-01-31,2,20.0,-2.0,1,0,False,0,0
137,William Saunders,parkerdenise@example.org,"Unit 3938 Box 5180
DPO AA 17890",68701,"Daugherty, Conner and Estrada Sandals",ORD-364,2025-01-16,4,23.0,-8.0,0,0,False,0,0
138,Raven Jones,jonesallison@example.com,"1293 Kimberly Plaza Apt. 485
Travisville, ND 61511",95294,"Robertson, Allen and Foster Sandals",ORD-779,2025-01-03,4,7.0,4.0,1,0,False,0,0
139,Brianna Reynolds,dana78@example.net,"6545 Ferguson Summit
Benjaminstad, AK 78819",40705,"Daugherty, Conner and Estrada Sandals",ORD-139,2025-01-20,3,8.0,-3.0,1,0,False,0,0
140,Gregory Ortiz,gnelson@example.com,"91784 Goodwin Unions
South Kelly, MH 96676",07495,Randall LLC T-Shirt,ORD-263,2025-03-26,1,6.0,-0.0,1,0,False,0,1
141,Amber Merritt,alejandrostafford@example.com,"0782 Antonio Drive Suite 012
Colemanmouth, CO 84810",33567,Ortega-Gardner Sneakers,ORD-014,2025-01-23,1,25.0,0.0,0,0,False,0,0
142,Mrs. Crystal Reynolds,mlamb@example.com,"Unit 4347 Box 6606
DPO AA 10950",15026,Randall LLC T-Shirt,ORD-393,2025-01-20,2,7.0,3.0,0,0,False,0,0
143,Victor Rice,jessicahenson@example.org,"346 Wright Crest Suite 676
Jameshaven, AZ 14902",45528,"Gonzalez, Carpenter and Gomez Jeans",ORD-579,2025-04-19,2,5.0,-3.0,0,0,False,0,0
144,Christopher Price,evangreen@example.net,"99334 Wyatt Keys Suite 653
West Faith, IA 44795",29185,"Daugherty, Conner and Estrada Sandals",ORD-577,2025-01-24,4,30.0,6.0,0,0,False,0,0
145,Joseph Ward,jonesrandy@example.org,"PSC 2207, Box 7157
APO AA 50768",83076,Thompson and Sons Belt,ORD-772,2025-03-08,5,18.0,5.0,1,0,False,0,0
146,Mary Martinez,jacksonjulia@example.com,"4792 Doris Rue
Lake Jeffrey, NH 45364",39053,Blake Ltd Belt,ORD-143,2025-04-07,3,8.0,1.0,1,0,False,0,0
147,Marc Adams,turnermonica@example.com,"22783 Kimberly Trafficway Suite 605
Port Jason, AL 03528",33106,"Cross, Williams and Stein Trousers",ORD-023,2025-02-26,5,10.0,-2.0,1,0,False,0,0
148,Kathleen Wright,tranharold@example.org,"45665 Carlos Circles
North Anthony, DE 23296",59005,"Cross, Williams and Stein Trousers",ORD-175,2025-02-17,4,16.0,-2.0,1,0,False,0,0
149,Mr. Steven Daniels Jr.,melissa03@example.com,"899 Heather Land Apt. 133
North Christyshire, NM 54434",29496,Blake Ltd Belt,None,2025-04-23,2,8.0,-0.0,1,1,False,0,1
150,April Martin,noah78@example.net,"80039 Murphy Pines
Christophermouth, VA 29365",55984,"Daugherty, Conner and Estrada Sandals",ORD-483,2025-03-20,3,1.0,-1.0,1,0,False,0,0
151,Lori May,hollanddale@example.org,"99148 Lynn Path
Flemingbury, NJ 63055",14678,Ortega-Gardner Sneakers,ORD-838,2025-02-28,1,21.0,0.0,1,0,False,0,0
152,Kathy Molina,kellypage@example.org,"634 Medina Crest
Lake Joelshire, SC 05950",21807,"Liu, Jones and Thompson Casual Dress",ORD-839,2025-03-08,5,9.0,-5.0,0,0,False,0,0
153,Michael Miller,obooth@example.net,"954 Wanda Ford Apt. 204
Paultown, CA 14380",75788,"Gonzalez, Carpenter and Gomez Jeans",ORD-932,2025-04-06,5,14.0,1.0,0,0,False,0,0
154,Benjamin Woodard,lshepard@example.org,"48564 Jimenez Mount Suite 841
Kyleton, WY 98714",83781,Ortega-Gardner Sneakers,ORD-073,2025-01-22,1,14.0,-4.0,1,0,False,0,0
155,Jacob Martin,michelle58@example.com,"9643 Wilkinson Fork
South Linda, CA 90726",50948,Hawkins-Howell Flats,ORD-712,2025-04-07,4,25.0,-0.0,0,0,False,0,1
156,Amber Matthews,annagarcia@example.net,"Unit 5018 Box 4182
DPO AE 42257",31172,Rogers-Meyers Jumpsuit,ORD-525,2025-03-03,3,7.0,-8.0,0,0,False,0,0
157,Kyle Kidd,cindycooper@example.org,"397 Lee Orchard Apt. 178
Lake Jeffery, UT 67903",63273,"Smith, Liu and Richardson Casual Dress",ORD-081,2025-02-09,2,15.0,-6.0,1,0,False,0,0
158,Sarah Horton,lpage@example.com,"841 Obrien Extension
Hamiltonton, WV 74694",14659,White and Sons Jacket,ORD-609,2025-04-11,5,18.0,4.0,1,0,False,0,0
159,Cindy Steele,william42@example.org,"8335 Cox Glens
North Charles, IN 66436",87731,Rogers-Meyers Jumpsuit,ORD-818,2025-03-26,5,8.0,-3.0,1,0,False,0,0
160,Mike Williams,jillwilliams@example.com,"04201 Montoya Key Apt. 132
West Annestad, PA 42724",87487,"Daugherty, Conner and Estrada Sandals",ORD-468,2025-01-11,5,8.0,1.0,1,0,False,0,0
161,Russell Rangel Dds,martineznancy@example.com,"321 Danielle Keys Suite 975
West Ashley, MN 38014",89826,James-Sullivan Romper,ORD-684,2025-01-06,1,22.0,0.0,0,0,False,0,0
162,Bailey Butler,danapena@example.com,"88770 Reed Vista
Lake Derek, KS 17358",91792,"Cross, Williams and Stein Trousers",ORD-464,2025-01-05,4,10.0,-2.0,0,0,False,0,0
163,Maria Page,scarlson@example.org,"6618 Susan Pine Suite 867
Markhaven, AR 54865",93033,James-Sullivan Romper,ORD-102,2025-02-27,4,24.0,1.0,1,0,False,0,0
164,Thomas Nichols Jr.,pgarcia@example.net,"9456 Tucker River Apt. 941
East Colleen, WY 21683",57287,Rogers-Meyers Jumpsuit,ORD-330,2025-03-05,2,20.0,-2.0,1,0,False,0,0
165,Justin Smith,buchananshelley@example.net,"41157 Thompson Spur
Jameschester, GU 68042",98392,White and Sons Jacket,ORD-803,2025-02-02,5,30.0,1.0,1,0,False,0,0
166,Briana Ferguson,kgraham@example.net,"087 Judy Estates
Port Randy, GA 03368",93621,Rogers-Meyers Jumpsuit,ORD-638,2025-04-04,2,7.0,0.0,0,0,False,0,0
167,Christie Ferguson Md,ellisnicholas@example.com,"6543 Baker Heights
Adamburgh, OK 72400",27425,Thompson and Sons Belt,ORD-587,2025-05-13,4,13.0,-3.0,0,0,False,0,0
168,Kimberly Crawford,jeffrey38@example.net,"084 Clayton Ranch
Sanchezfort, AZ 64594",18065,"Daugherty, Conner and Estrada Sandals",ORD-997,2025-02-10,5,8.0,-1.0,1,0,False,0,0
169,Laurie Snow,oliversean@example.com,"387 Nunez Point
West Zachary, NE 91695",67836,Thompson and Sons Belt,ORD-782,2025-05-05,3,22.0,0.0,0,0,False,0,0
170,Nicole Hoover,pmann@example.com,"4351 Smith Locks
Port Alanberg, ME 75522",92760,"Ballard, Hartman and Henderson Casual Dress",ORD-785,2025-01-01,3,9.0,1.0,1,0,False,0,0
171,Michael Stone,pughlindsay@example.net,"26476 Tracy Prairie Apt. 894
New Cameronberg, CA 45793",48508,"Cross, Williams and Stein Trousers",ORD-858,2025-01-14,82,11.0,-1.0,1,0,True,0,0
172,Mark Kennedy,lowerywayne@example.com,"740 Murphy River Apt. 479
Mccannfurt, WI 20051",35129,Gilbert LLC Scarf,ORD-606,2025-01-18,4,9.0,3.0,0,0,False,0,0
173,Adrian Barr,randall18@example.org,"073 Gonzalez Freeway
Davisville, CO 95627",83112,Blake Ltd Belt,ORD-338,2025-03-26,2,7.0,3.0,1,0,False,0,0
174,Paula Robinson,bennettsamantha@example.org,"PSC 1663, Box 9119
APO AP 27995",45408,Rogers-Meyers Jumpsuit,ORD-838,2025-03-27,4,20.0,2.0,0,0,False,0,0
175,Christopher Wong,horntimothy@example.org,"198 Robinson Lock Suite 972
South James, VI 73017",68084,"Andrade, Wilson and Robinson Shorts",ORD-254,2025-01-03,4,24.0,-2.0,0,0,False,0,0
176,Ryan Finley,grichardson@example.org,"257 Nancy Summit
Conradmouth, UT 98156",79716,Thompson and Sons Belt,ORD-084,2025-03-12,3,23.0,-8.0,0,0,False,0,0
177,Donna Beard,mooneytroy@example.com,"8538 Christine Wells Suite 273
Buckborough, GU 34426",16935,Blake Ltd Belt,ORD-678,2025-03-17,1,11.0,2.0,0,0,False,0,0
178,Timothy Howell,robert36@example.net,"8033 Mariah Loaf Suite 114
West Barbara, WV 87600",72657,Ortega-Gardner Sneakers,ORD-068,2025-01-11,5,1.0,-4.0,0,0,False,0,0
179,Jason Swanson,randymurphy@example.org,"3150 Michael Center
Bakerfurt, WA 42919",75243,Blake Ltd Belt,ORD-972,2025-03-17,1,13.0,-4.0,1,0,False,0,0
180,Alexandra Webb,kimberlywilson@example.net,"7535 Jeffrey Light Suite 507
New Justinburgh, FL 57415",80142,"Smith, Liu and Richardson Casual Dress",ORD-488,2025-04-16,3,21.0,4.0,0,0,False,0,0
181,David Olson,matthew33@example.net,"84283 Amy Shoals
Woodfort, AK 20871",66151,Randall LLC T-Shirt,ORD-302,2025-02-17,3,25.0,-2.0,1,0,False,0,0
182,Patricia Wright,brianritter@example.net,"130 Erica Junctions Apt. 673
North Angela, MA 99572",11747,Gilbert LLC Scarf,None,2025-05-10,1,23.0,-4.0,0,1,False,0,0
183,Deborah Myers,jgould@example.com,"007 Prince Plains
New Wesleyview, NM 71683",40106,White and Sons Jacket,ORD-055,2025-05-08,5,19.0,-1.0,1,0,False,0,0
184,Kimberly Fuentes,sosamarc@example.net,"93591 Jennifer Groves Apt. 654
Kennedybury, ND 59368",55580,"Ballard, Hartman and Henderson Casual Dress",ORD-357,2025-04-19,4,14.0,0.0,0,0,False,0,0
185,Victoria Rodriguez,barkereric@example.com,"0849 Palmer Club
Loganton, OK 84624",89336,"Ballard, Hartman and Henderson Casual Dress",ORD-011,2025-05-07,1,19.0,-2.0,1,0,False,0,0
186,David Vargas,kimberlybrown@example.org,"93904 Cynthia Road Suite 409
Port Johnny, DC 13120",33039,"Daugherty, Conner and Estrada Sandals",ORD-844,2025-03-04,3,12.0,3.0,1,0,False,0,0
187,Brenda Guerra,sean09@example.org,"4811 Jones Shore Apt. 663
Jenniferchester, MA 34293",01303,James-Sullivan Romper,ORD-923,2025-03-14,5,19.0,5.0,1,0,False,0,0
188,Daniel Rios,freyes@example.org,"6789 Mark Burgs
Fernandeztown, AL 25359",59405,"Ballard, Hartman and Henderson Casual Dress",ORD-839,2025-04-24,2,21.0,3.0,0,0,False,0,0
189,Taylor Hernandez,vtran@example.org,"0012 Mcdonald Trail
East Veronica, PW 39421",83291,Randall LLC T-Shirt,ORD-918,2025-03-20,4,19.0,2.0,0,0,False,0,0
190,Gloria Knapp,kristen83@example.org,"415 Harris Forks
Jamesville, AZ 08019",11990,Randall LLC T-Shirt,ORD-526,2025-01-23,2,19.0,-4.0,0,0,False,0,0
191,Maureen Gibson,andreamoore@example.org,"78671 Amanda Vista Apt. 688
Bryanfurt, ID 95513",13188,"Ballard, Hartman and Henderson Casual Dress",ORD-065,2025-01-02,1,17.0,-1.0,1,0,False,0,0
192,Victoria Cruz,jeffrey97@example.org,"382 Perez Village
South Anthony, NJ 28184",66180,"Daugherty, Conner and Estrada Sandals",ORD-005,2025-02-28,5,19.0,-1.0,1,0,False,0,0
193,Joel Thomas,icooper@example.com,"720 Julia Ranch Suite 718
Fuentesshire, MN 82580",39309,Blake Ltd Belt,ORD-465,2025-04-18,2,2.0,2.0,1,0,False,0,0
194,Eric Macias,matthewnguyen@example.org,"00317 Villa Mall Suite 896
Wangview, KS 76352",12820,"Cross, Williams and Stein Trousers",ORD-673,2025-04-28,5,2.0,-2.0,0,0,False,0,0
195,John Gilbert,matthew85@example.com,"110 Johnson Terrace
Harrisberg, NH 61556",47076,"Liu, Jones and Thompson Casual Dress",ORD-292,2025-01-02,5,8.0,2.0,1,0,False,0,0
196,Lisa Rocha,mariabennett@example.com,"1315 Mitchell Square Suite 271
Burnsview, IN 56231",34220,"Andrade, Wilson and Robinson Shorts",ORD-263,2025-02-15,5,5.0,5.0,1,0,False,0,0
197,Jacob Robinson,martin23@example.org,"52844 Carrillo Drive
Ramirezmouth, MP 94922",65217,"Smith, Liu and Richardson Casual Dress",ORD-984,2025-03-31,5,25.0,-2.0,0,0,False,0,0
198,Jill Hunter,cookchristina@example.org,"954 Coleman Extensions
Lawrenceview, UT 85476",48260,Hawkins-Howell Flats,ORD-164,2025-01-08,2,9.0,1.0,1,0,False,0,0
199,Michael Shields,michael70@example.org,"USNV Nguyen
FPO AP 08397",15734,Randall LLC T-Shirt,ORD-643,2025-05-05,4,30.0,1.0,0,0,False,0,0
